requirement,stamp_function,status,evidence_file,evidence_line,notes
retrieve a specific past version,st_load_version,supported,R/version_store.R,452-489,"SHA b6e5e2c5519a7c00dbb8f815a59aeac2daf9592e; loads retained artifact snapshot by version ID; st_load version routing R/IO_core.R:483-498; TEST inspected not executed tests/testthat/test-folder-structure.R:240-268."
declare parents,st_save,supported,R/version_store.R,799-822,"SHA b6e5e2c5519a7c00dbb8f815a59aeac2daf9592e; path/version pins saved to parent index and snapshot; use absolute logical paths; parents-only update can skip; TEST inspected not executed tests/testthat/test-info-retention-children.R:49-78."
query children,st_children,supported,R/version_store.R,976-1162,"SHA b6e5e2c5519a7c00dbb8f815a59aeac2daf9592e; reverse lineage supports version filter and depth; includes historical child links rather than current-only dependencies; TEST inspected not executed tests/testthat/test-info-retention-children.R:49-78."
detect staleness,st_is_stale,partial,R/version_store.R,1176-1217,"SHA b6e5e2c5519a7c00dbb8f815a59aeac2daf9592e; immediate committed parent version comparison only; missing child snapshot or absent parent latest returns FALSE; no failed-state or code comparison; manual assertions tests/manual/test_stamp_smoke.R:259-262 not executed."
transitive staleness across several levels,st_plan_rebuild,partial,R/rebuild.R,434-518,"SHA b6e5e2c5519a7c00dbb8f815a59aeac2daf9592e; strict tests immediate pins; propagate removes scheduled children from frontier and stops simple A-B-C before C; manual two-level assertion tests/manual/test_stamp_smoke.R:264-268 conflicts with source; not executed."
partition as an addressable artifact,st_save_part,supported,R/partitions.R,175-212,"SHA b6e5e2c5519a7c00dbb8f815a59aeac2daf9592e; distinct path invokes normal save/catalog/hash/version; st_write_parts is actual auto-save name not st_auto_partition; TEST inspected not executed tests/testthat/test-partitions.R:2-25 and test-write-parts.R:1-60."
partition as a parent,st_save_part;st_save;st_is_stale,partial,R/partitions.R,191-212,"SHA b6e5e2c5519a7c00dbb8f815a59aeac2daf9592e; normal path/version parent mechanism available R/version_store.R:799-822 and 1203-1217; no direct partition-parent selective invalidation test found; auto partition state does not infer parents; no tests executed."
explicit code version label,st_save;st_hash_code,supported,R/hashing.R,318-342,"SHA b6e5e2c5519a7c00dbb8f815a59aeac2daf9592e; code character label is hashed; code_label is display only; NULL or disabled code hash stored NA and current omitted code is ignored R/IO_core.R:318-334 R/hashing.R:500-529; direct label/NA test UNKNOWN; tests not executed."
early cutoff on identical content,st_save;st_rebuild,partial,R/IO_core.R,253-269,"SHA b6e5e2c5519a7c00dbb8f815a59aeac2daf9592e; unchanged content/code skip under content policy; code/timestamp can still create version; unchanged rebuild does not refresh parents and executor reports failure R/rebuild.R:311-327; TEST inspected not executed tests/testthat/test-should-save.R:83-115."
custom metadata fields,st_save;st_read_sidecar,supported,R/IO_core.R,310-348,"SHA b6e5e2c5519a7c00dbb8f815a59aeac2daf9592e; distinct custom fields appended; data-free current read R/format_registry.R:319-347; metadata-only save may skip; no reserved-key validation or direct arbitrary-field test; built-in PK TEST tests/testthat/test-pk.R:1-17 inspected not executed."
bulk catalog query,st_catalog_query,supported,R/version_store.R,1257-1311,"SHA b6e5e2c5519a7c00dbb8f815a59aeac2daf9592e; whole catalog read and latest-version join; query cost/memory grow with history and artifacts; target-scale benchmark UNKNOWN; TEST inspected not executed tests/testthat/test-catalog-query.R:41-99."
concurrent writes,st_save;.st_with_lock,partial,R/IO_core.R,1027-1044,"SHA b6e5e2c5519a7c00dbb8f815a59aeac2daf9592e; optional artifact/catalog filelock; timeout result unchecked; prelock save decision; delete/move reader gap and nontransactional snapshot commit; only sequential test tests/testthat/test-edgecases.R:1-21 inspected not executed; multiprocess safety UNKNOWN."
plan a rebuild over many targets,st_plan_rebuild,partial,R/rebuild.R,378-530,"SHA b6e5e2c5519a7c00dbb8f815a59aeac2daf9592e; vector targets supported but propagate frontier wrong for multi-level chain; traversal levels not general topological order; no testthat planner call; manual test tests/manual/test_stamp_smoke.R:264-268 not executed; target scale UNKNOWN."
execute a rebuild plan,st_register_builder;st_rebuild,partial,R/rebuild.R,161-353,"SHA b6e5e2c5519a7c00dbb8f815a59aeac2daf9592e; implemented sequential level/path executor and dry run; no unchanged-save success or failed-parent block; parent discovery outside error handler; in-memory registry; manual script tests/manual/test_stamp_smoke.R:272-292 uses undefined st_builder_for; not executed."
scope a set of versions to a named release,none native;st_save for caller manifest,absent,R/version_store.R,122-146,"SHA b6e5e2c5519a7c00dbb8f815a59aeac2daf9592e; no native named release/set schema or exported API NAMESPACE:3-46; caller can save generic pinned manifest via st_save but owns scope/freeze/retention; alias/latest query is not release snapshot; dedicated TEST UNKNOWN; no tests executed."
